22,269,144,6574e35bc0708476769b132b00701bc2,40,83,测试文档1.txt,http://47.106.12.142/upgrade_bin/smt_program_file/,0,file is empty,zdd-2018112227,1557315168,测试文档2.txt,file is empty,测试文档3.txt,file is empty
23,269,144,2ef9247e1e46b4af489df289e7376efb,40,84,测试文档1.txt,http://47.106.12.142/upgrade_bin/smt_program_file/,0,file is empty,zdd-2018112227,1557315169,测试文档2.txt,file is empty,测试文档3.txt,file is empty
24,269,144,9a1d68a8a98765fd8c42814a2466a49d,40,85,测试文档1.txt,http://47.106.12.142/upgrade_bin/smt_program_file/,0,file is empty,zdd-2018112227,1557315169,测试文档2.txt,file is empty,测试文档3.txt,file is empty
25,269,148,6574e35bc0708476769b132b00701bc2,40,86,测试文档1.txt,http://47.106.12.142/upgrade_bin/smt_program_file/,0,file is empty,zdd-2018112227,1557315244,测试文档2.txt,file is empty,测试文档3.txt,file is empty
26,269,148,2ef9247e1e46b4af489df289e7376efb,40,87,测试文档1.txt,http://47.106.12.142/upgrade_bin/smt_program_file/,0,file is empty,zdd-2018112227,1557315244,测试文档2.txt,file is empty,测试文档3.txt,file is empty
27,269,148,9a1d68a8a98765fd8c42814a2466a49d,40,88,测试文档1.txt,http://47.106.12.142/upgrade_bin/smt_program_file/,0,file is empty,zdd-2018112227,1557315245,测试文档2.txt,file is empty,测试文档3.txt,file is empty
28,269,152,6574e35bc0708476769b132b00701bc2,40,89,测试文档1.txt,http://47.106.12.142/upgrade_bin/smt_program_file/,0,file is empty,zdd-2018112227,1557315397,测试文档2.txt,file is empty,测试文档3.txt,file is empty
29,269,152,2ef9247e1e46b4af489df289e7376efb,40,90,测试文档1.txt,http://47.106.12.142/upgrade_bin/smt_program_file/,0,file is empty,zdd-2018112227,1557315397,测试文档2.txt,file is empty,测试文档3.txt,file is empty
30,269,152,9a1d68a8a98765fd8c42814a2466a49d,40,91,测试文档1.txt,http://47.106.12.142/upgrade_bin/smt_program_file/,0,file is empty,zdd-2018112227,1557315397,测试文档2.txt,file is empty,测试文档3.txt,file is empty
31,270,156,6574e35bc0708476769b132b00701bc2,40,92,测试文档1.txt,http://47.106.12.142/upgrade_bin/smt_program_file/,0,file is empty,zdd-2018112227,1557315699,测试文档2.txt,file is empty,测试文档3.txt,file is empty
32,270,156,2ef9247e1e46b4af489df289e7376efb,40,93,测试文档1.txt,http://47.106.12.142/upgrade_bin/smt_program_file/,0,file is empty,zdd-2018112227,1557315699,测试文档2.txt,file is empty,测试文档3.txt,file is empty
33,270,156,9a1d68a8a98765fd8c42814a2466a49d,40,94,测试文档1.txt,http://47.106.12.142/upgrade_bin/smt_program_file/,0,file is empty,zdd-2018112227,1557315700,测试文档2.txt,file is empty,测试文档3.txt,file is empty
34,271,161,6574e35bc0708476769b132b00701bc2,40,95,测试文档1.txt,http://47.106.12.142/upgrade_bin/smt_program_file/,0,file is empty,zdd-2018112227,1557315794,测试文档2.txt,file is empty,测试文档3.txt,file is empty
35,271,161,2ef9247e1e46b4af489df289e7376efb,40,96,测试文档1.txt,http://47.106.12.142/upgrade_bin/smt_program_file/,0,file is empty,zdd-2018112227,1557315794,测试文档2.txt,file is empty,测试文档3.txt,file is empty
36,271,161,9a1d68a8a98765fd8c42814a2466a49d,40,97,测试文档1.txt,http://47.106.12.142/upgrade_bin/smt_program_file/,0,file is empty,zdd-2018112227,1557315795,测试文档2.txt,file is empty,测试文档3.txt,file is empty
37,272,164,6574e35bc0708476769b132b00701bc2,40,98,测试文档1.txt,http://47.106.12.142/upgrade_bin/smt_program_file/,0,file is empty,zdd-2018112227,1557315887,测试文档2.txt,file is empty,测试文档3.txt,file is empty
38,272,164,2ef9247e1e46b4af489df289e7376efb,40,99,测试文档1.txt,http://47.106.12.142/upgrade_bin/smt_program_file/,0,file is empty,zdd-2018112227,1557315888,测试文档2.txt,file is empty,测试文档3.txt,file is empty
39,272,164,9a1d68a8a98765fd8c42814a2466a49d,40,100,测试文档1.txt,http://47.106.12.142/upgrade_bin/smt_program_file/,0,file is empty,zdd-2018112227,1557315888,测试文档2.txt,file is empty,测试文档3.txt,file is empty
40,273,168,6574e35bc0708476769b132b00701bc2,40,101,测试文档1.txt,http://47.106.12.142/upgrade_bin/smt_program_file/,0,file is empty,zdd-2018112227,1557315984,测试文档2.txt,file is empty,测试文档3.txt,file is empty
41,273,168,2ef9247e1e46b4af489df289e7376efb,40,102,测试文档1.txt,http://47.106.12.142/upgrade_bin/smt_program_file/,0,file is empty,zdd-2018112227,1557315985,测试文档2.txt,file is empty,测试文档3.txt,file is empty
42,273,168,9a1d68a8a98765fd8c42814a2466a49d,40,103,测试文档1.txt,http://47.106.12.142/upgrade_bin/smt_program_file/,0,file is empty,zdd-2018112227,1557315985,测试文档2.txt,file is empty,测试文档3.txt,file is empty
43,273,170,6574e35bc0708476769b132b00701bc2,40,104,测试文档1.txt,http://47.106.12.142/upgrade_bin/smt_program_file/,0,file is empty,zdd-2018112227,1557316052,测试文档2.txt,file is empty,测试文档3.txt,file is empty
44,273,170,2ef9247e1e46b4af489df289e7376efb,40,105,测试文档1.txt,http://47.106.12.142/upgrade_bin/smt_program_file/,0,file is empty,zdd-2018112227,1557316053,测试文档2.txt,file is empty,测试文档3.txt,file is empty
45,273,170,9a1d68a8a98765fd8c42814a2466a49d,40,106,测试文档1.txt,http://47.106.12.142/upgrade_bin/smt_program_file/,0,file is empty,zdd-2018112227,1557316053,测试文档2.txt,file is empty,测试文档3.txt,file is empty
46,274,174,6574e35bc0708476769b132b00701bc2,40,107,测试文档1.txt,http://47.106.12.142/upgrade_bin/smt_program_file/,0,file is empty,zdd-2018112227,1557316127,测试文档2.txt,file is empty,测试文档3.txt,file is empty
47,274,174,2ef9247e1e46b4af489df289e7376efb,40,108,测试文档1.txt,http://47.106.12.142/upgrade_bin/smt_program_file/,0,file is empty,zdd-2018112227,1557316128,测试文档2.txt,file is empty,测试文档3.txt,file is empty
48,274,174,9a1d68a8a98765fd8c42814a2466a49d,40,109,测试文档1.txt,http://47.106.12.142/upgrade_bin/smt_program_file/,0,file is empty,zdd-2018112227,1557316128,测试文档2.txt,file is empty,测试文档3.txt,file is empty
49,274,176,6574e35bc0708476769b132b00701bc2,40,110,测试文档1.txt,http://47.106.12.142/upgrade_bin/smt_program_file/,0,file is empty,zdd-2018112227,1557316232,测试文档2.txt,file is empty,测试文档3.txt,file is empty
50,274,176,2ef9247e1e46b4af489df289e7376efb,40,111,测试文档1.txt,http://47.106.12.142/upgrade_bin/smt_program_file/,0,file is empty,zdd-2018112227,1557316233,测试文档2.txt,file is empty,测试文档3.txt,file is empty
51,274,176,9a1d68a8a98765fd8c42814a2466a49d,40,112,测试文档1.txt,http://47.106.12.142/upgrade_bin/smt_program_file/,0,file is empty,zdd-2018112227,1557316234,测试文档2.txt,file is empty,测试文档3.txt,file is empty
52,275,180,6574e35bc0708476769b132b00701bc2,40,113,测试文档1.txt,http://47.106.12.142/upgrade_bin/smt_program_file/,0,file is empty,zdd-2018112227,1557316503,测试文档2.txt,file is empty,测试文档3.txt,file is empty
53,275,180,6574e35bc0708476769b132b00701bc2,40,114,测试文档1.txt,http://47.106.12.142/upgrade_bin/smt_program_file/,0,file is empty,zdd-2018112227,1557316508,测试文档2.txt,file is empty,测试文档3.txt,file is empty
54,275,180,2ef9247e1e46b4af489df289e7376efb,40,115,测试文档1.txt,http://47.106.12.142/upgrade_bin/smt_program_file/,0,file is empty,zdd-2018112227,1557316511,测试文档2.txt,file is empty,测试文档3.txt,file is empty
55,275,180,2ef9247e1e46b4af489df289e7376efb,40,116,测试文档1.txt,http://47.106.12.142/upgrade_bin/smt_program_file/,0,file is empty,zdd-2018112227,1557316511,测试文档2.txt,file is empty,测试文档3.txt,file is empty
56,275,180,9a1d68a8a98765fd8c42814a2466a49d,40,118,测试文档1.txt,http://47.106.12.142/upgrade_bin/smt_program_file/,0,file is empty,zdd-2018112227,1557316512,测试文档2.txt,file is empty,测试文档3.txt,file is empty
57,275,180,9a1d68a8a98765fd8c42814a2466a49d,40,117,测试文档1.txt,http://47.106.12.142/upgrade_bin/smt_program_file/,0,file is empty,zdd-2018112227,1557316512,测试文档2.txt,file is empty,测试文档3.txt,file is empty
58,275,180,6574e35bc0708476769b132b00701bc2,40,119,测试文档1.txt,http://47.106.12.142/upgrade_bin/smt_program_file/,0,file is empty,zdd-2018112227,1557316513,测试文档2.txt,file is empty,测试文档3.txt,file is empty
59,275,180,2ef9247e1e46b4af489df289e7376efb,40,121,测试文档1.txt,http://47.106.12.142/upgrade_bin/smt_program_file/,0,file is empty,zdd-2018112227,1557316513,测试文档2.txt,file is empty,测试文档3.txt,file is empty
60,275,180,6574e35bc0708476769b132b00701bc2,40,120,测试文档1.txt,http://47.106.12.142/upgrade_bin/smt_program_file/,0,file is empty,zdd-2018112227,1557316513,测试文档2.txt,file is empty,测试文档3.txt,file is empty
61,275,180,9a1d68a8a98765fd8c42814a2466a49d,40,122,测试文档1.txt,http://47.106.12.142/upgrade_bin/smt_program_file/,0,file is empty,zdd-2018112227,1557316514,测试文档2.txt,file is empty,测试文档3.txt,file is empty
62,275,180,6574e35bc0708476769b132b00701bc2,40,123,测试文档1.txt,http://47.106.12.142/upgrade_bin/smt_program_file/,0,file is empty,zdd-2018112227,1557316515,测试文档2.txt,file is empty,测试文档3.txt,file is empty
63,275,180,2ef9247e1e46b4af489df289e7376efb,40,124,测试文档1.txt,http://47.106.12.142/upgrade_bin/smt_program_file/,0,file is empty,zdd-2018112227,1557316516,测试文档2.txt,file is empty,测试文档3.txt,file is empty
64,275,180,6574e35bc0708476769b132b00701bc2,40,125,测试文档1.txt,http://47.106.12.142/upgrade_bin/smt_program_file/,0,file is empty,zdd-2018112227,1557316516,测试文档2.txt,file is empty,测试文档3.txt,file is empty
65,275,180,9a1d68a8a98765fd8c42814a2466a49d,40,127,测试文档1.txt,http://47.106.12.142/upgrade_bin/smt_program_file/,0,file is empty,zdd-2018112227,1557316516,测试文档2.txt,file is empty,测试文档3.txt,file is empty
66,275,180,2ef9247e1e46b4af489df289e7376efb,40,126,测试文档1.txt,http://47.106.12.142/upgrade_bin/smt_program_file/,0,file is empty,zdd-2018112227,1557316516,测试文档2.txt,file is empty,测试文档3.txt,file is empty
67,275,180,2ef9247e1e46b4af489df289e7376efb,40,128,测试文档1.txt,http://47.106.12.142/upgrade_bin/smt_program_file/,0,file is empty,zdd-2018112227,1557316517,测试文档2.txt,file is empty,测试文档3.txt,file is empty
68,275,180,9a1d68a8a98765fd8c42814a2466a49d,40,129,测试文档1.txt,http://47.106.12.142/upgrade_bin/smt_program_file/,0,file is empty,zdd-2018112227,1557316517,测试文档2.txt,file is empty,测试文档3.txt,file is empty
69,275,180,9a1d68a8a98765fd8c42814a2466a49d,40,130,测试文档1.txt,http://47.106.12.142/upgrade_bin/smt_program_file/,0,file is empty,zdd-2018112227,1557316517,测试文档2.txt,file is empty,测试文档3.txt,file is empty
70,276,181,6574e35bc0708476769b132b00701bc2,40,131,测试文档1.txt,http://47.106.12.142/upgrade_bin/smt_program_file/,0,file is empty,zdd-2018112227,1557316579,测试文档2.txt,file is empty,测试文档3.txt,file is empty
71,276,181,2ef9247e1e46b4af489df289e7376efb,40,132,测试文档1.txt,http://47.106.12.142/upgrade_bin/smt_program_file/,0,file is empty,zdd-2018112227,1557316579,测试文档2.txt,file is empty,测试文档3.txt,file is empty
72,276,181,9a1d68a8a98765fd8c42814a2466a49d,40,133,测试文档1.txt,http://47.106.12.142/upgrade_bin/smt_program_file/,0,file is empty,zdd-2018112227,1557316580,测试文档2.txt,file is empty,测试文档3.txt,file is empty
73,275,182,6574e35bc0708476769b132b00701bc2,40,134,测试文档1.txt,http://47.106.12.142/upgrade_bin/smt_program_file/,0,file is empty,zdd-2018112227,1557316661,测试文档2.txt,file is empty,测试文档3.txt,file is empty
74,275,182,2ef9247e1e46b4af489df289e7376efb,40,135,测试文档1.txt,http://47.106.12.142/upgrade_bin/smt_program_file/,0,file is empty,zdd-2018112227,1557316662,测试文档2.txt,file is empty,测试文档3.txt,file is empty
75,275,182,9a1d68a8a98765fd8c42814a2466a49d,40,137,测试文档1.txt,http://47.106.12.142/upgrade_bin/smt_program_file/,0,file is empty,zdd-2018112227,1557316662,测试文档2.txt,file is empty,测试文档3.txt,file is empty
76,275,182,6574e35bc0708476769b132b00701bc2,40,136,测试文档1.txt,http://47.106.12.142/upgrade_bin/smt_program_file/,0,file is empty,zdd-2018112227,1557316662,测试文档2.txt,file is empty,测试文档3.txt,file is empty
77,275,182,2ef9247e1e46b4af489df289e7376efb,40,138,测试文档1.txt,http://47.106.12.142/upgrade_bin/smt_program_file/,0,file is empty,zdd-2018112227,1557316666,测试文档2.txt,file is empty,测试文档3.txt,file is empty
78,275,182,9a1d68a8a98765fd8c42814a2466a49d,40,139,测试文档1.txt,http://47.106.12.142/upgrade_bin/smt_program_file/,0,file is empty,zdd-2018112227,1557316666,测试文档2.txt,file is empty,测试文档3.txt,file is empty
79,277,183,6574e35bc0708476769b132b00701bc2,40,140,测试文档1.txt,http://47.106.12.142/upgrade_bin/smt_program_file/,0,file is empty,zdd-2018112227,1557316748,测试文档2.txt,file is empty,测试文档3.txt,file is empty
80,277,183,2ef9247e1e46b4af489df289e7376efb,40,141,测试文档1.txt,http://47.106.12.142/upgrade_bin/smt_program_file/,0,file is empty,zdd-2018112227,1557316749,测试文档2.txt,file is empty,测试文档3.txt,file is empty
81,277,183,9a1d68a8a98765fd8c42814a2466a49d,40,142,测试文档1.txt,http://47.106.12.142/upgrade_bin/smt_program_file/,0,file is empty,zdd-2018112227,1557316749,测试文档2.txt,file is empty,测试文档3.txt,file is empty
82,269,145,8b155f128af57cac99e4ae8730e6de7a,9,143,测试文档1.txt,http://47.106.12.142/upgrade_bin/smt_program_file/,0,file is empty,zdd-2018112211,1557317131,测试文档2.txt,file is empty,测试文档3.txt,file is empty
83,269,145,b5d99353262fa8d1adf7609227b30c62,9,144,测试文档1.txt,http://47.106.12.142/upgrade_bin/smt_program_file/,0,file is empty,zdd-2018112211,1557317132,测试文档2.txt,file is empty,测试文档3.txt,file is empty
84,269,149,8b155f128af57cac99e4ae8730e6de7a,9,145,测试文档1.txt,http://47.106.12.142/upgrade_bin/smt_program_file/,0,file is empty,zdd-2018112211,1557317196,测试文档2.txt,file is empty,测试文档3.txt,file is empty
85,269,149,b5d99353262fa8d1adf7609227b30c62,9,146,测试文档1.txt,http://47.106.12.142/upgrade_bin/smt_program_file/,0,file is empty,zdd-2018112211,1557317197,测试文档2.txt,file is empty,测试文档3.txt,file is empty
86,269,153,8b155f128af57cac99e4ae8730e6de7a,9,147,测试文档1.txt,http://47.106.12.142/upgrade_bin/smt_program_file/,0,file is empty,zdd-2018112211,1557317307,测试文档2.txt,file is empty,测试文档3.txt,file is empty
87,269,153,b5d99353262fa8d1adf7609227b30c62,9,148,测试文档1.txt,http://47.106.12.142/upgrade_bin/smt_program_file/,0,file is empty,zdd-2018112211,1557317307,测试文档2.txt,file is empty,测试文档3.txt,file is empty
88,270,157,8b155f128af57cac99e4ae8730e6de7a,9,149,测试文档1.txt,http://47.106.12.142/upgrade_bin/smt_program_file/,0,file is empty,zdd-2018112211,1557317421,测试文档2.txt,file is empty,测试文档3.txt,file is empty
89,270,157,b5d99353262fa8d1adf7609227b30c62,9,150,测试文档1.txt,http://47.106.12.142/upgrade_bin/smt_program_file/,0,file is empty,zdd-2018112211,1557317421,测试文档2.txt,file is empty,测试文档3.txt,file is empty
90,271,162,8b155f128af57cac99e4ae8730e6de7a,9,151,测试文档1.txt,http://47.106.12.142/upgrade_bin/smt_program_file/,0,file is empty,zdd-2018112211,1557317492,测试文档2.txt,file is empty,测试文档3.txt,file is empty
91,271,162,b5d99353262fa8d1adf7609227b30c62,9,152,测试文档1.txt,http://47.106.12.142/upgrade_bin/smt_program_file/,0,file is empty,zdd-2018112211,1557317493,测试文档2.txt,file is empty,测试文档3.txt,file is empty
92,272,165,8b155f128af57cac99e4ae8730e6de7a,9,153,测试文档1.txt,http://47.106.12.142/upgrade_bin/smt_program_file/,0,file is empty,zdd-2018112211,1557317567,测试文档2.txt,file is empty,测试文档3.txt,file is empty
93,272,165,b5d99353262fa8d1adf7609227b30c62,9,154,测试文档1.txt,http://47.106.12.142/upgrade_bin/smt_program_file/,0,file is empty,zdd-2018112211,1557317568,测试文档2.txt,file is empty,测试文档3.txt,file is empty
94,273,169,8b155f128af57cac99e4ae8730e6de7a,9,155,测试文档1.txt,http://47.106.12.142/upgrade_bin/smt_program_file/,0,file is empty,zdd-2018112211,1557317631,测试文档2.txt,file is empty,测试文档3.txt,file is empty
95,273,169,b5d99353262fa8d1adf7609227b30c62,9,156,测试文档1.txt,http://47.106.12.142/upgrade_bin/smt_program_file/,0,file is empty,zdd-2018112211,1557317632,测试文档2.txt,file is empty,测试文档3.txt,file is empty
96,273,171,8b155f128af57cac99e4ae8730e6de7a,9,157,测试文档1.txt,http://47.106.12.142/upgrade_bin/smt_program_file/,0,file is empty,zdd-2018112211,1557317695,测试文档2.txt,file is empty,测试文档3.txt,file is empty
97,273,171,b5d99353262fa8d1adf7609227b30c62,9,158,测试文档1.txt,http://47.106.12.142/upgrade_bin/smt_program_file/,0,file is empty,zdd-2018112211,1557317695,测试文档2.txt,file is empty,测试文档3.txt,file is empty
98,274,175,8b155f128af57cac99e4ae8730e6de7a,9,159,测试文档1.txt,http://47.106.12.142/upgrade_bin/smt_program_file/,0,file is empty,zdd-2018112211,1557317766,测试文档2.txt,file is empty,测试文档3.txt,file is empty
99,274,175,b5d99353262fa8d1adf7609227b30c62,9,160,测试文档1.txt,http://47.106.12.142/upgrade_bin/smt_program_file/,0,file is empty,zdd-2018112211,1557317766,测试文档2.txt,file is empty,测试文档3.txt,file is empty
100,274,177,8b155f128af57cac99e4ae8730e6de7a,9,161,测试文档1.txt,http://47.106.12.142/upgrade_bin/smt_program_file/,0,file is empty,zdd-2018112211,1557317925,测试文档2.txt,file is empty,测试文档3.txt,file is empty
101,274,177,b5d99353262fa8d1adf7609227b30c62,9,162,测试文档1.txt,http://47.106.12.142/upgrade_bin/smt_program_file/,0,file is empty,zdd-2018112211,1557317926,测试文档2.txt,file is empty,测试文档3.txt,file is empty
102,277,184,8b155f128af57cac99e4ae8730e6de7a,9,163,测试文档1.txt,http://47.106.12.142/upgrade_bin/smt_program_file/,0,file is empty,zdd-2018112211,1557317988,测试文档2.txt,file is empty,测试文档3.txt,file is empty
103,277,184,b5d99353262fa8d1adf7609227b30c62,9,164,测试文档1.txt,http://47.106.12.142/upgrade_bin/smt_program_file/,0,file is empty,zdd-2018112211,1557317988,测试文档2.txt,file is empty,测试文档3.txt,file is empty
104,269,147,41f2af52698653ae49ba6940781310e6,20,165,测试文档1.txt,http://47.106.12.142/upgrade_bin/smt_program_file/,0,file is empty,zdd-2018112222,1557318019,测试文档2.txt,file is empty,测试文档3.txt,file is empty
105,269,150,41f2af52698653ae49ba6940781310e6,20,166,测试文档1.txt,http://47.106.12.142/upgrade_bin/smt_program_file/,0,file is empty,zdd-2018112222,1557318050,测试文档2.txt,file is empty,测试文档3.txt,file is empty
106,269,154,41f2af52698653ae49ba6940781310e6,20,167,测试文档1.txt,http://47.106.12.142/upgrade_bin/smt_program_file/,0,file is empty,zdd-2018112222,1557318091,测试文档2.txt,file is empty,测试文档3.txt,file is empty
107,270,158,41f2af52698653ae49ba6940781310e6,20,168,测试文档1.txt,http://47.106.12.142/upgrade_bin/smt_program_file/,0,file is empty,zdd-2018112222,1557318137,测试文档2.txt,file is empty,测试文档3.txt,file is empty
108,270,159,41f2af52698653ae49ba6940781310e6,20,169,测试文档1.txt,http://47.106.12.142/upgrade_bin/smt_program_file/,0,file is empty,zdd-2018112222,1557318171,测试文档2.txt,file is empty,测试文档3.txt,file is empty
109,271,163,41f2af52698653ae49ba6940781310e6,20,170,测试文档1.txt,http://47.106.12.142/upgrade_bin/smt_program_file/,0,file is empty,zdd-2018112222,1557318243,测试文档2.txt,file is empty,测试文档3.txt,file is empty
110,272,166,41f2af52698653ae49ba6940781310e6,20,171,测试文档1.txt,http://47.106.12.142/upgrade_bin/smt_program_file/,0,file is empty,zdd-2018112222,1557318279,测试文档2.txt,file is empty,测试文档3.txt,file is empty
111,272,167,41f2af52698653ae49ba6940781310e6,20,172,测试文档1.txt,http://47.106.12.142/upgrade_bin/smt_program_file/,0,file is empty,zdd-2018112222,1557318314,测试文档2.txt,file is empty,测试文档3.txt,file is empty
112,273,172,41f2af52698653ae49ba6940781310e6,20,173,测试文档1.txt,http://47.106.12.142/upgrade_bin/smt_program_file/,0,file is empty,zdd-2018112222,1557318372,测试文档2.txt,file is empty,测试文档3.txt,file is empty
113,274,178,41f2af52698653ae49ba6940781310e6,20,174,测试文档1.txt,http://47.106.12.142/upgrade_bin/smt_program_file/,0,file is empty,zdd-2018112222,1557318524,测试文档2.txt,file is empty,测试文档3.txt,file is empty
114,278,185,41f2af52698653ae49ba6940781310e6,20,175,测试文档1.txt,http://47.106.12.142/upgrade_bin/smt_program_file/,0,file is empty,zdd-2018112222,1557318576,测试文档2.txt,file is empty,测试文档3.txt,file is empty
115,278,187,41f2af52698653ae49ba6940781310e6,20,176,测试文档1.txt,http://47.106.12.142/upgrade_bin/smt_program_file/,0,file is empty,zdd-2018112222,1557318636,测试文档2.txt,file is empty,测试文档3.txt,file is empty
